{
	"ulid": "01GJAB4JC5MQQA8SKARW6T1K9Y",
	"minTime": 1668782142851,
	"maxTime": 1668924000000,
	"stats": {
		"numSamples": 1313675,
		"numSeries": 562,
		"numChunks": 11123
	},
	"compaction": {
		"level": 4,
		"sources": [
			"01GJ5WZ6TT6Q437ZJQ4AG1TVJP",
			"01GJ61T1A103NZD10749V882RR",
			"01GJ68NRJ1200BRWYEZ73C0SRG",
			"01GJ6FHFT1GZD4B3GRM4BGVNAY",
			"01GJ6PD72128YHADGEE272T10T",
			"01GJ6X8YA1GEFJBCZ2PGFA6T6H",
			"01GJ744NJ1MFBWNT9DRSRXCV0S",
			"01GJ7B0CT1BRHSV23ZQCN3TXN2",
			"01GJ7HW4212AG4MNRPK8ZWESPV",
			"01GJ7RQVA15SCMPN8PTX3CKM3Z",
			"01GJ7ZKJJ149TZSZQ94J5KGRA8",
			"01GJ86F9T1T1JMDCHVR05WBF31",
			"01GJ8DB121NFT7CD5GCK6JEEAB",
			"01GJ8M6RA1DH4HBQ3GTPA70F89",
			"01GJ8V2FJ1RAZ1K91S1E3V5MD4",
			"01GJ91Y6T1XQ7AQ9APRFNK2QRM",
			"01GJ98SY21AGEE7G47DD2SPEZM",
			"01GJ9FNNA2CATX5E18SM38C7H9",
			"01GJ9PHCJ15P0J4ZZV9BCD7EAH",
			"01GJ9XD3T1S8MR7RJYVKV0MNM6"
		],
		"parents": [
			{
				"ulid": "01GJ6FHFW88DDCYE3QMH5B2VEE",
				"minTime": 1668782142851,
				"maxTime": 1668794400000
			},
			{
				"ulid": "01GJ86F9XREVNF3C6X134K4DQK",
				"minTime": 1668794400000,
				"maxTime": 1668859200000
			},
			{
				"ulid": "01GJA48V5XCMVS9AP11AS77GE2",
				"minTime": 1668859200000,
				"maxTime": 1668924000000
			}
		]
	},
	"version": 1
}