{"accessKeys":[{"id":"0","metricsId":"a9c07e4c-5964-4214-9b58-36a59f1cbe03","name":"yuliu","password":"hnwr8G8Vz1eq","port":1144,"encryptionMethod":"chacha20-ietf-poly1305"},{"id":"1","metricsId":"cb729910-f1e5-481e-8e31-2e4b27e42555","name":"","password":"kVIumfCfvfBV","port":1144,"encryptionMethod":"chacha20-ietf-poly1305"},{"id":"2","metricsId":"94ce5d89-c60c-4e6e-a54f-10e51bd4db24","name":"","password":"e35bZCgdY4Mi","port":1144,"encryptionMethod":"chacha20-ietf-poly1305"},{"id":"3","metricsId":"a869adcd-fc2e-427d-987d-012102481301","name":"","password":"xUjzPy6zq8Ao","port":1144,"encryptionMethod":"chacha20-ietf-poly1305"},{"id":"4","metricsId":"81b4a836-3e1b-4a70-83f3-00c60d43e89c","name":"","password":"HgbdlgRBuFY6","port":1144,"encryptionMethod":"chacha20-ietf-poly1305"},{"id":"5","metricsId":"341bff1c-11e6-48f4-8ed2-58ab8ab593e2","name":"","password":"gzG6wxvZuKiA","port":1144,"encryptionMethod":"chacha20-ietf-poly1305"},{"id":"6","metricsId":"7b8d0d07-7192-4fb8-ad9e-574f5079e2f4","name":"","password":"ZurlCy9pq3Q9","port":1144,"encryptionMethod":"chacha20-ietf-poly1305"},{"id":"7","metricsId":"55627ff9-60ee-4e04-bf2d-64ca60630269","name":"","password":"MMJriA0recuh","port":1144,"encryptionMethod":"chacha20-ietf-poly1305"},{"id":"8","metricsId":"4ed8fcfb-cc17-452a-82c7-932aee99efab","name":"","password":"QUtL8J328LBd","port":1144,"encryptionMethod":"chacha20-ietf-poly1305"},{"id":"9","metricsId":"2ca5f048-779c-465f-94b1-49f952d24f4c","name":"","password":"wc0UgCGuSvbj","port":1144,"encryptionMethod":"chacha20-ietf-poly1305"},{"id":"10","metricsId":"6a2749c6-4958-4427-8608-d4974fd17c98","name":"","password":"ScQcTQ0IhL6V","port":1144,"encryptionMethod":"chacha20-ietf-poly1305"},{"id":"11","metricsId":"5e6ee1cf-ef64-44ef-adad-26735aea396a","name":"","password":"Smkm3mXuQxHU","port":1144,"encryptionMethod":"chacha20-ietf-poly1305","dataLimit":{"bytes":150000000000}},{"id":"12","metricsId":"df4bd72a-f111-4bf1-8625-38445bd4cecb","name":"","password":"m8qjdrW7hYZO","port":1144,"encryptionMethod":"chacha20-ietf-poly1305","dataLimit":{"bytes":150000000000}},{"id":"13","metricsId":"d4cc939c-a55f-4d91-8b02-356e9202b903","name":"","password":"Bs3MD0XY2bZR","port":1144,"encryptionMethod":"chacha20-ietf-poly1305","dataLimit":{"bytes":150000000000}},{"id":"14","metricsId":"3b16a220-ae43-4379-ad9b-0fd02355a434","name":"","password":"Zd0IJVWYV2fy","port":1144,"encryptionMethod":"chacha20-ietf-poly1305","dataLimit":{"bytes":150000000000}},{"id":"15","metricsId":"f8832cd2-9a70-46a8-9eae-b6ce358b798a","name":"","password":"RrlEwubF8UJ1","port":1144,"encryptionMethod":"chacha20-ietf-poly1305","dataLimit":{"bytes":150000000000}},{"id":"16","metricsId":"662eb9e2-01c2-46d7-ace3-740adccd2e62","name":"1222-16","password":"5ytrOC0lSNiE","port":1144,"encryptionMethod":"chacha20-ietf-poly1305"},{"id":"17","metricsId":"0d6f4e53-b691-4812-8626-bdfbd077c5e5","name":"","password":"moEocFQLEvJ0","port":1144,"encryptionMethod":"chacha20-ietf-poly1305"},{"id":"18","metricsId":"1f557217-43ef-46f0-b4c6-2393631c7d3e","name":"test01","password":"2Rxf84nRYS60","port":1144,"encryptionMethod":"chacha20-ietf-poly1305"},{"id":"19","metricsId":"6eeb2995-84c5-4acd-bf63-84b807673ed7","name":"test02","password":"NJclMypufwng","port":1144,"encryptionMethod":"chacha20-ietf-poly1305"},{"id":"20","metricsId":"c9b83fa4-63aa-45f0-a46f-d0f95a845cd3","name":"test03","password":"67GdhyrETJTD","port":1144,"encryptionMethod":"chacha20-ietf-poly1305"},{"id":"21","metricsId":"522106a7-068e-43e4-94f8-13ae5b4943fb","name":"test04","password":"MTuLc3O11WvX","port":1144,"encryptionMethod":"chacha20-ietf-poly1305"},{"id":"22","metricsId":"380fe29b-addc-4bb2-aa38-b8ca22097e20","name":"test05","password":"fmuuW8Ux27AD","port":1144,"encryptionMethod":"chacha20-ietf-poly1305"}],"nextId":23}