{
	"ulid": "01GJXE87Q8CDJJ3A2H6ERPCD9V",
	"minTime": 1669507200000,
	"maxTime": 1669572000000,
	"stats": {
		"numSamples": 1194401,
		"numSeries": 1113,
		"numChunks": 9958
	},
	"compaction": {
		"level": 3,
		"sources": [
			"01GJVGEPA1XTB5Q1K9RJK8JV4R",
			"01GJVQADJ1T56ZG8C5P17KJJXM",
			"01GJVY64T117YM20W6951JKVFD",
			"01GJW51W216QHTXJ2RQTZHZX2D",
			"01GJWBXKA1PK6EEH2PTQ7QQ1YC",
			"01GJWJSAJ1NNJ5QRVJYFSEQPVP",
			"01GJWSN1T1KHXGGAA3PFY83D4Z",
			"01GJX0GS211NJ4HK8PH3MWT824",
			"01GJX7CGA1T6W0A6F0Z0712A07"
		],
		"parents": [
			{
				"ulid": "01GJW51W4BYQGYPEW9JN2SSNCA",
				"minTime": 1669507200000,
				"maxTime": 1669528800000
			},
			{
				"ulid": "01GJWSN1WM28YKDGHW8YR3A6HZ",
				"minTime": 1669528800000,
				"maxTime": 1669550400000
			},
			{
				"ulid": "01GJXE87MF3EHANK95Q6KP4QEP",
				"minTime": 1669550400000,
				"maxTime": 1669572000000
			}
		]
	},
	"version": 1
}