{
	"ulid": "01GJVGEPJEMX09TF46EK54D51Z",
	"minTime": 1669312800000,
	"maxTime": 1669507200000,
	"stats": {
		"numSamples": 3135748,
		"numSeries": 1102,
		"numChunks": 26256
	},
	"compaction": {
		"level": 4,
		"sources": [
			"01GJNQ22J26DM2PH0BMG5WWZXX",
			"01GJNXXST14BJMREGPH32SJHC6",
			"01GJP4SH21X6FHRJNVTZ3HPJ5V",
			"01GJPBN8A17XHEAG2FRCJVMHY8",
			"01GJPJGZJ2AAYGYPXQYRGQ6YB4",
			"01GJPSCPT1BEQNJKC6FYQAEKMJ",
			"01GJQ08E21W3ZGY7K12DQ565FP",
			"01GJQ745A1A0MV94HZC1RM32AX",
			"01GJQDZWJ1GS6TYN7C8D81CY3M",
			"01GJQMVKT1W7CFB84PR62G57JZ",
			"01GJQVQB21VMYN6VG5HTZTVZMY",
			"01GJR2K2A1KYKH8PR937R8NDC3",
			"01GJR9ESJ14AC47WF7V54J5FX3",
			"01GJRGAGT1DVEE8C58CAYTY8AX",
			"01GJRQ6821QABFV4HVZHCF56KW",
			"01GJRY1ZA1BC1CSJYSTY677E3P",
			"01GJS4XPJ1SK83YPGS52K9Y2GS",
			"01GJSBSDT1DGAMJCF13JNX45EX",
			"01GJSJN521CTDME8F7W3KZPNHW",
			"01GJSSGWA1BSQV6J6XGX5N8CD0",
			"01GJT0CKJ1YQAW0FBCBDHZH8PJ",
			"01GJT78AT1B0MP1R2MH95QGM2H",
			"01GJTE4221AQVB9099QQJQB4BV",
			"01GJTMZSA1S6FJWBP72PCW29JP",
			"01GJTVVGJ122PNWXPJS3VMRFYQ",
			"01GJV2Q7T1T20AB48XXKKF4W4Q",
			"01GJV9JZ21BM4HQSCBNW3F3CHJ"
		],
		"parents": [
			{
				"ulid": "01GJQMVKZ41GYRPH8ZY5X6M79Z",
				"minTime": 1669312800000,
				"maxTime": 1669377600000
			},
			{
				"ulid": "01GJSJN56WWK3E599JV6H7GQC3",
				"minTime": 1669377600000,
				"maxTime": 1669442400000
			},
			{
				"ulid": "01GJVGEPFHY6WPZXB15W7DXMFB",
				"minTime": 1669442400000,
				"maxTime": 1669507200000
			}
		]
	},
	"version": 1
}