{
	"ulid": "01GJFXNF1FP8GVWQCJCF1A6QP9",
	"minTime": 1668924000000,
	"maxTime": 1669118400000,
	"stats": {
		"numSamples": 1905514,
		"numSeries": 679,
		"numChunks": 15935
	},
	"compaction": {
		"level": 4,
		"sources": [
			"01GJA48V21Y4FYMQQWS5707HDW",
			"01GJAB4JA1C3JFXD1W1Y6901RC",
			"01GJAJ09J16V2MSZA2EV2B98BZ",
			"01GJARW0T2D7BQTA20GD3TX421",
			"01GJAZQR21XT4A2ESDKEH371N9",
			"01GJB6KFA1R8CD7NYQF27KM6TF",
			"01GJBDF6J1Y89KSNXE3V18EJWG",
			"01GJBMAXT11DWNVK90BWX0FE1D",
			"01GJBV6N22WR27M5PFE33BSYVY",
			"01GJC22CA1J3YRWR8A380DH56F",
			"01GJC8Y3J2PSXEH4TWQ1NPDCD6",
			"01GJCFSTT1G9V40056QQEN9858",
			"01GJCPNJ22FE55RP8XY596Q0HW",
			"01GJCXH9A1RGVT923BWX4MZVB5",
			"01GJD4D0J3A4Z2896607DGD64S",
			"01GJDB8QT1YTXEHQAJQJV2CE24",
			"01GJDJ4F21JBMXZR79VZCNJCSF",
			"01GJDS06A1T9ZZ1YPF40GG134X",
			"01GJDZVXJ1SDTMSR9Q77KDAN72",
			"01GJE6QMT1V2EK108P87W7DN78",
			"01GJEDKC21VHDY8EX4SAK3B38R",
			"01GJEMF3A1EWZ3CKYCEJHAV8SW",
			"01GJEVATJ2E63JB12SERCV07YT",
			"01GJF26HT1GRB6YFXY2D97AQMD",
			"01GJF92921WY79STNJPEKBZ5PT",
			"01GJFFY0A1D4Q7M6THCJAFYH6Z",
			"01GJFPSQJ1V66YEJXYZXAR7S8W"
		],
		"parents": [
			{
				"ulid": "01GJC22CDN9RA91KM3K0SDH89X",
				"minTime": 1668924000000,
				"maxTime": 1668988800000
			},
			{
				"ulid": "01GJDZVXP1E9T978YZZB7R6H3G",
				"minTime": 1668988800000,
				"maxTime": 1669053600000
			},
			{
				"ulid": "01GJFXNEYV100NVB35EPSWE8N4",
				"minTime": 1669053600000,
				"maxTime": 1669118400000
			}
		]
	},
	"version": 1
}