{
	"ulid": "01GJZC1RZEZ91M5081N79JC678",
	"minTime": 1669572000000,
	"maxTime": 1669636800000,
	"stats": {
		"numSamples": 1202043,
		"numSeries": 1115,
		"numChunks": 10019
	},
	"compaction": {
		"level": 3,
		"sources": [
			"01GJXE87J1MTHK9VJZP9509TG9",
			"01GJXN3YT1KRAKHD6G77GBN1VP",
			"01GJXVZP21618NCY514XYMW467",
			"01GJY2VDA235417NSQRMRKFR1C",
			"01GJY9Q4J1ZQGV57N8Q2999ZM0",
			"01GJYGJVT1GYNQDAG4XS3H33KA",
			"01GJYQEK21RBDFMDBM30Q1K5VV",
			"01GJYYAAA1NC0QNW12G9EFMSJK",
			"01GJZ561J1JH15A7WGWZG5W078"
		],
		"parents": [
			{
				"ulid": "01GJY2VDD2AMHMDEWVBCCVXE7Q",
				"minTime": 1669572000000,
				"maxTime": 1669593600000
			},
			{
				"ulid": "01GJYQEK47VV7FGX9JE8X89JEN",
				"minTime": 1669593600000,
				"maxTime": 1669615200000
			},
			{
				"ulid": "01GJZC1RWNATHT3JPX273NHWR4",
				"minTime": 1669615200000,
				"maxTime": 1669636800000
			}
		]
	},
	"version": 1
}