{
	"ulid": "01GK00MYMAG95W170G29YC79RZ",
	"minTime": 1669636800000,
	"maxTime": 1669658400000,
	"stats": {
		"numSamples": 402140,
		"numSeries": 1118,
		"numChunks": 3354
	},
	"compaction": {
		"level": 2,
		"sources": [
			"01GJZC1RT1S2MRBAJ4HHHWCQX8",
			"01GJZJXG21VGQA7EHZBBNKQ8R9",
			"01GJZSS7A12KYC52QXSSDMJYSH"
		],
		"parents": [
			{
				"ulid": "01GJZC1RT1S2MRBAJ4HHHWCQX8",
				"minTime": 1669636800000,
				"maxTime": 1669644000000
			},
			{
				"ulid": "01GJZJXG21VGQA7EHZBBNKQ8R9",
				"minTime": 1669644000000,
				"maxTime": 1669651200000
			},
			{
				"ulid": "01GJZSS7A12KYC52QXSSDMJYSH",
				"minTime": 1669651200000,
				"maxTime": 1669658400000
			}
		]
	},
	"version": 1
}