{
	"ulid": "01GJNQ22TDV0AQXX4B0MF2GA9W",
	"minTime": 1669118400000,
	"maxTime": 1669312800000,
	"stats": {
		"numSamples": 2574605,
		"numSeries": 895,
		"numChunks": 21593
	},
	"compaction": {
		"level": 4,
		"sources": [
			"01GJFXNET153QDSDXFNG14KCP3",
			"01GJG4H621637JBJQ1W66C43TK",
			"01GJGBCXA1Y6DKX4B3VM0E4EED",
			"01GJGJ8MJ1N083N557QT4D35WR",
			"01GJGS4BT1Q3PGGAAACHYE1TKK",
			"01GJH00321P3KTWRH39328TEG2",
			"01GJH6VTA1QPJHD5JQSC5J6ZDK",
			"01GJHDQHJ1MXYEWHC2BX7X2CGK",
			"01GJHMK8T12SETP45DR0ZZ300G",
			"01GJHVF021X71VP86VTJ1JDCGP",
			"01GJJ2AQA12CMGM3QZA7MGSGZZ",
			"01GJJ96EJ2MG7VDYAWBN5E6P7E",
			"01GJJG25T1V4JYS3JX97A7QWB3",
			"01GJJPXX21MF2XB3D0A08H5PYN",
			"01GJJXSMA1GCKBZKXYF3KX1YZV",
			"01GJK4NBJ1PJBJP5WHJ1P2RZRC",
			"01GJKBH2T1THB7EYTX8SJPVNG1",
			"01GJKJCT21XNJM7F25B8D2G7ZG",
			"01GJKS8HA1EPYGZYTEBR4ZVYES",
			"01GJM048J18XYCN8DR1R9776QR",
			"01GJM6ZZT1HMMWGJPYHB8DWKXM",
			"01GJMDVQ2136QC0SQ408B9Y5CQ",
			"01GJMMQEA1AZBSNWWH7TVP9J42",
			"01GJMVK5J13SJXNGMN7W8DHSW2",
			"01GJN2EWT1ZCQ8D5BWTQ7JN181",
			"01GJN9AM210576BWTJN21QXW0Z",
			"01GJNG6BA1SDW20AKKVA493HPR"
		],
		"parents": [
			{
				"ulid": "01GJHVF06JVDAQYN1PJG833K46",
				"minTime": 1669118400000,
				"maxTime": 1669183200000
			},
			{
				"ulid": "01GJKS8HF9M6RMGXASRN1BRQY1",
				"minTime": 1669183200000,
				"maxTime": 1669248000000
			},
			{
				"ulid": "01GJNQ22Q2J9SPCKCYY0D9JTHB",
				"minTime": 1669248000000,
				"maxTime": 1669312800000
			}
		]
	},
	"version": 1
}